[
    {
      "name": "LocalHost",
      "logo": "https://upload.wikimedia.org/wikipedia/commons/thumb/0/08/Netflix_2015_logo.svg/2560px-Netflix_2015_logo.svg.png",
      "logo_width":160,
      "origins": ["http://localhost:3000/", "http://localhost:3001/"],
      "root_origin": "http://103.134.58.242/",
      "disabled": true
    },
    {
      "name": "Tufan Online",
      "logo": "./static/media/tufan-online.logo.png",
      "logo_width":180,
      "origins": ["http://ftp.tufanonline.com.bd/"],
      "root_origin": "http://103.134.58.242/",
      "disabled": true
    },
    {
      "name": "CTG SHOW",
      "logo": "./static/media/ctg-show-logo.png",
      "logo_width":80,
      "origins": ["http://ctgshow.net/"],
      "root_origin": "http://ctgshow.net/",
      "disabled": false
    }
  ]
  